"categories","Star1rvws","Star2rvws","Star3rvws","Star4rvws","Star5rvws","attributes.Noise.Level","latitude","longitude","stars","business_id","name","clstr","Businessid","Cluster","ttlRelSuck","ClusterRank"
"['Greek', 'Restaurants']",14,15,28,88,132,"average",36.109883,-115.173887,4,"_6gbnNRPIc-iM_0cBLPX1A","Estiatorio Milos",5,"_6gbnNRPIc-iM_0cBLPX1A",5,10975.5336364088,45
"['Food', 'Desserts', 'Specialty Food', 'Chocolatiers & Shops']",12,21,77,261,201,"average",36.1191259407,-115.177256695,4,"_CHH9KN1bO5cs_GHjQ-r1A","Max Brenner",5,"_CHH9KN1bO5cs_GHjQ-r1A",5,12556.3768562562,76
"['American (Traditional)', 'Diners', 'Restaurants']",20,53,82,131,37,"average",36.1082943796,-115.152589542,3.5,"_VN5hYv1VgNIBgwxTQZ_1Q","Mr. Lucky's 24-7",3,"_VN5hYv1VgNIBgwxTQZ_1Q",3,922.544698774373,1
"['Restaurants', 'Italian']",15,20,66,154,113,"average",36.128222,-115.172986,4,"-2n-OHbbwIv3SY8RP9bgTQ","Maggiano's Little Italy",5,"-2n-OHbbwIv3SY8RP9bgTQ",5,11864.6597409729,66
"['Arts & Entertainment', 'Resorts', 'Casinos', 'Event Planning & Services', 'Hotels & Travel', 'Hotels']",20,41,109,355,373,"",36.1120238,-115.1745933,4,"-7yF42k0CcJhtPw51oaOqQ","Bellagio Hotel",5,"-7yF42k0CcJhtPw51oaOqQ",5,10171.3771442323,31
"['Thai', 'Vegetarian', 'Restaurants']",13,11,41,115,85,"average",36.1258871,-115.1944248,4,"-SNpLwJNup8N96yq7sBJyw","Thai Style Noodle House",2,"-SNpLwJNup8N96yq7sBJyw",2,2224.28326214732,14
"['Pubs', 'Bars', 'Nightlife', 'Irish', 'Restaurants']",8,21,54,123,85,"loud",36.103087,-115.17352,4,"05tazaFQt1EnQ_Gk_1AFyg","Nine Fine Irishmen",5,"05tazaFQt1EnQ_Gk_1AFyg",5,12342.7330348005,75
"['Tapas/Small Plates', 'Tapas Bars', 'Restaurants']",9,12,41,98,98,"average",36.144875,-115.302719,4,"07bUAD_qnrJAXvJou_ls4g","Firefly",1,"07bUAD_qnrJAXvJou_ls4g",1,1140.48117071066,8
"['Seafood', 'Steakhouses', 'Restaurants']",5,14,21,97,186,"average",36.1079241113,-115.174055099,4.5,"1U1GRksKXF7q8FKcW0e5VQ","Mastro's Ocean Club",5,"1U1GRksKXF7q8FKcW0e5VQ",5,13859.3383237333,84
"['Burgers', 'Breakfast & Brunch', 'Sandwiches', 'Restaurants']",4,12,55,158,171,"average",36.1443957,-115.2016373,4.5,"1yx2zLskVTe5WQdYjL2Apw","Egg & I",2,"1yx2zLskVTe5WQdYjL2Apw",2,2377.10700299909,21
"['Dim Sum', 'Chinese', 'Restaurants']",21,18,76,136,37,"average",36.143685,-115.216317,3.5,"23SJEjfyU5gxY2chAKhgcw","Orchids Garden Chinese Restaurant",2,"23SJEjfyU5gxY2chAKhgcw",2,2012.26202900109,6
"['American (New)', 'Cafes', 'Restaurants']",10,36,68,143,136,"average",36.1597905,-115.292824,4,"25fxw_jOqZtJwl18cCarIA","Honey Salt",1,"25fxw_jOqZtJwl18cCarIA",1,1190.24951172433,10
"['Hotels & Travel', 'Arts & Entertainment', 'Casinos', 'Event Planning & Services', 'Hotels']",24,40,115,443,458,"",36.121189,-115.169657,4,"34uJtlPnKicSaX1V8_tu1A","The Venetian Resort Hotel Casino",5,"34uJtlPnKicSaX1V8_tu1A",5,10374.1419031981,34
"['Burgers', 'Restaurants']",18,64,159,204,52,"average",36.1231608306,-115.17367959,3.5,"3fV9sL5LklD9ZSeONKmjkw","BLT Burger",5,"3fV9sL5LklD9ZSeONKmjkw",5,10685.5428869722,40
"['Steakhouses', 'Restaurants', 'Italian']",16,44,76,91,132,"average",36.124582,-115.168415,3.5,"3MmHmJXr8Ltk_Z5EGE4KUw","Carnevino",5,"3MmHmJXr8Ltk_Z5EGE4KUw",5,12032.5895531557,68
"['Food', 'Desserts', 'Candy Stores', 'Specialty Food']",25,65,122,125,62,"average",36.1118765818,-115.172553062,3,"41zxbLn6HZQfME3uWbyM4A","Sugar Factory",5,"41zxbLn6HZQfME3uWbyM4A",5,11492.6412704086,57
"['Breakfast & Brunch', 'Steakhouses', 'French', 'Restaurants']",28,85,273,846,771,"average",36.1129524773,-115.172588519,4,"4bEjOyTaDG24SY5TxsaUNQ","Mon Ami Gabi",5,"4bEjOyTaDG24SY5TxsaUNQ",5,11467.928119237,55
"['American (New)', 'Sushi Bars', 'Restaurants']",17,24,44,125,52,"average",36.1638883,-115.2904272,3.5,"4uDW2Rp9eAPL5BUd5C5-bA","Kona Grill",1,"4uDW2Rp9eAPL5BUd5C5-bA",1,1101.21621562734,5
"['French', 'Restaurants']",3,13,30,65,195,"average",36.1025900701,-115.170541385,4.5,"4uGHPY-OpJN08CabtTAvNg","L'Atelier de Joel Robuchon",5,"4uGHPY-OpJN08CabtTAvNg",5,12959.8060918404,81
"['Japanese', 'Restaurants']",19,38,91,286,233,"average",36.1259078979,-115.197906494,4,"4UVhuOLaMm2-34SrW8y-ag","Ichiza",2,"4UVhuOLaMm2-34SrW8y-ag",2,2038.24148492507,9
"['Bars', 'Dance Clubs', 'Nightlife', 'Lounges', 'Italian', 'Restaurants']",34,56,161,225,106,"very_loud",36.1244339501,-115.169068691,3.5,"5GKbGn9-fAgQ0njSh3OJ8A","LAVO Italian Restaurant & Lounge",5,"5GKbGn9-fAgQ0njSh3OJ8A",5,10443.6232960127,35
"['Hotels & Travel', 'Resorts', 'Event Planning & Services', 'Venues & Event Spaces', 'Hotels']",16,31,68,325,402,"",36.1239495,-115.1694728,4,"5paMI5Hhciyl09yGpzdoJw","InterContinental Alliance Resorts THE PALAZZO",5,"5paMI5Hhciyl09yGpzdoJw",5,8643.07027222234,14
"['Steakhouses', 'Restaurants']",2,17,50,83,119,"average",36.1261701368,-115.166998498,4,"5rDosv0aIBhLg81IMSnlyg","SW Steakhouse",5,"5rDosv0aIBhLg81IMSnlyg",5,10907.0614691881,43
"['Nightlife', 'Vegetarian', 'American (New)', 'Bars', 'Restaurants']",8,24,64,131,77,"loud",36.1567959455,-115.334386826,4,"6IRoWd6N__OVMNQfvu1Ccw","Yard House",1,"6IRoWd6N__OVMNQfvu1Ccw",1,1038.47353881819,3
"['Arts & Entertainment', 'Resorts', 'Casinos', 'Event Planning & Services', 'Hotels & Travel', 'Hotels']",86,209,303,195,33,"average",36.095589,-115.175836,2.5,"6LM_Klmp3hOP0JmsMCKRqQ","Luxor Hotel And Casino Las Vegas",5,"6LM_Klmp3hOP0JmsMCKRqQ",5,5630.06853427256,5
"['Restaurants', 'Italian']",23,27,64,169,121,"average",36.0681523873,-115.175929912,4,"79EG9Pv0bxNTmBjTVCd4CQ","Brio Tuscan Grille",6,"79EG9Pv0bxNTmBjTVCd4CQ",6,1051.49819791944,3
"['Bars', 'American (New)', 'Nightlife', 'Lounges', 'Restaurants']",29,48,96,134,47,"very_loud",36.0684850054,-115.17723928,3.5,"84bLhe1aibxNmogtqSO4rA","Blue Martini",6,"84bLhe1aibxNmogtqSO4rA",6,1053.4080134221,4
"['Tapas/Small Plates', 'Tapas Bars', 'Restaurants']",19,17,76,279,342,"loud",36.1185522,-115.1546953,4.5,"8buIr1zBCO7OEcAQSZko7w","Firefly",3,"8buIr1zBCO7OEcAQSZko7w",3,1083.52817403205,5
"['Thai', 'Japanese', 'Chinese', 'Restaurants']",10,13,23,87,141,"average",36.134956,-115.278458,4.5,"8HCC8NuJmdHnEg2XC00NPg","Pan Asian",1,"8HCC8NuJmdHnEg2XC00NPg",1,1246.99241980146,11
"['Hotels & Travel', 'Arts & Entertainment', 'Casinos', 'Event Planning & Services', 'Hotels']",36,70,178,177,48,"average",36.118699,-115.186484,3,"8IMEf_cj8KyTQojhNOyoPg","Rio All Suites Hotel & Casino",5,"8IMEf_cj8KyTQojhNOyoPg",5,3845.81998737131,2
"['Restaurants', 'Italian']",3,24,33,113,147,"average",36.1098050267,-115.174355507,4,"8Pzdk19tA2bKlKDSgwWqoQ","Scarpetta",5,"8Pzdk19tA2bKlKDSgwWqoQ",5,13976.3635095282,85
"['American (Traditional)', 'American (New)', 'Buffets', 'Restaurants']",20,58,109,137,73,"average",36.121237,-115.174105,3.5,"8zL3V6rmFKBess3bxPLAoQ","Cravings Buffet at Mirage",5,"8zL3V6rmFKBess3bxPLAoQ",5,9452.62553439455,23
"['American (Traditional)', 'Restaurants']",11,20,50,82,97,"average",36.1475472516,-115.15575097,4,"9Bnc9YP0n5cR57xkP6fQmQ","Top of the World Restaurant",7,"9Bnc9YP0n5cR57xkP6fQmQ",7,1189.32197761065,11
"['Pubs', 'Bars', 'Nightlife']",35,66,100,139,78,"loud",36.1177282041,-115.175818301,3,"A3Jv-FFRsDEWXxKJ6ZIxfg","Gordon Ramsay Pub & Grill",5,"A3Jv-FFRsDEWXxKJ6ZIxfg",5,11190.6786853484,48
"['Sushi Bars', 'Japanese', 'Restaurants']",30,47,75,208,267,"average",36.094661,-115.208014,4,"AeKTQBtPRDHLAFL9bzbUnA","Sushi House Goyemon",2,"AeKTQBtPRDHLAFL9bzbUnA",2,2343.94379497866,17
"['Burgers', 'Restaurants']",26,77,185,297,299,"loud",36.1101083959,-115.172338486,4,"aGbjLWzcrnEx2ZmMCFm3EA","Gordon Ramsay BurGR",5,"aGbjLWzcrnEx2ZmMCFm3EA",5,10941.3568962704,44
"['Steakhouses', 'Restaurants']",6,14,23,84,138,"average",36.1151617,-115.1597903,4.5,"APe_0I6DqbNQonSlEkMSEQ","Lawry's The Prime Rib",3,"APe_0I6DqbNQonSlEkMSEQ",3,1337.79626344685,11
"['Steakhouses', 'French', 'Restaurants']",10,23,46,122,165,"average",36.1104848412,-115.174189276,4,"ASOiJ8MmbBTgK2D1_MQrqg","Eiffel Tower Restaurant",5,"ASOiJ8MmbBTgK2D1_MQrqg",5,12917.4562372591,80
"['Hotels & Travel', 'Arts & Entertainment', 'Casinos', 'Event Planning & Services', 'Hotels']",40,51,110,451,560,"very_loud",36.1099146155,-115.174642483,4,"AtjsjFzalWqJ7S9DUFQ4bw","The Cosmopolitan of Las Vegas",5,"AtjsjFzalWqJ7S9DUFQ4bw",5,9660.89446680326,25
"['Breakfast & Brunch', 'American (New)', 'Mexican', 'Restaurants']",31,48,74,89,52,"average",36.009253,-115.1169844,3.5,"aYAlzKHwXQn6JNLweRnZjQ","Nacho Daddy",8,"aYAlzKHwXQn6JNLweRnZjQ",8,591.460295785062,4
"['Steakhouses', 'Restaurants', 'Buffets', 'Brazilian']",46,58,85,61,23,"average",36.1293928969,-115.172159768,3,"b25jGkZerj2M4WAy95n1Tg","Pampas Churrascaria",5,"b25jGkZerj2M4WAy95n1Tg",5,9883.16191616486,27
"['Japanese', 'Restaurants']",9,23,36,100,87,"average",36.1027027606,-115.169267336,4,"bmNPNlCLDplWB55ic3Bixg","Shibuya",5,"bmNPNlCLDplWB55ic3Bixg",5,13613.4643086896,83
"['Tapas Bars', 'Spanish', 'Restaurants']",17,42,92,193,126,"average",36.1084584289,-115.175769011,4,"BqD7X5CHXnJ14YbBBlLx1w","Julian Serrano",5,"BqD7X5CHXnJ14YbBBlLx1w",5,12191.7678995286,73
"['Burgers', 'American (Traditional)', 'Restaurants']",19,65,208,416,232,"average",36.109622,-115.1732124,4,"BqrTtox0JbG-P_DKBB5bBw","Holsteins Shakes and Buns",5,"BqrTtox0JbG-P_DKBB5bBw",5,10797.2716248109,42
"['Food', 'Coffee & Tea', 'Taiwanese', 'Restaurants']",39,57,104,119,31,"average",36.125964,-115.1976,3,"bqYrEwL5xjqv0u8XAij--Q","Tea Station",2,"bqYrEwL5xjqv0u8XAij--Q",2,2037.48311198818,8
"['Japanese', 'Restaurants']",0,7,23,95,136,"average",36.1268196106,-115.20941925,4.5,"BVCDPqlHMDPLWn9EhdDXNg","Japanese Curry Zen",2,"BVCDPqlHMDPLWn9EhdDXNg",2,2679.70363432083,25
"['Bars', 'American (New)', 'Nightlife', 'Restaurants']",2,34,87,211,98,"average",36.1017869866,-115.170750618,4,"BW1JCE3Qj4uIokg7kLUL7w","Wolfgang Puck Bar and Grill",5,"BW1JCE3Qj4uIokg7kLUL7w",5,11319.1465677782,50
"['Hotels & Travel', 'Arts & Entertainment', 'Casinos', 'Event Planning & Services', 'Hotels']",35,79,185,286,58,"",36.1126285813,-115.172653473,3,"bYhpy9u8fKkGhYHtvYXazQ","Paris Las Vegas Hotel & Casino",5,"bYhpy9u8fKkGhYHtvYXazQ",5,9056.84236844839,19
"['American (Traditional)', 'Buffets', 'Restaurants']",26,85,98,47,11,"average",36.1020911813,-115.171778365,2.5,"c12WDNrP2wyQgbnEYDdxCw","MGM Grand Buffet",5,"c12WDNrP2wyQgbnEYDdxCw",5,6709.5130617686,7
"['Sushi Bars', 'Hawaiian', 'Restaurants']",15,31,32,97,130,"average",36.0184198,-115.1179769,4,"c8Xamwyv5Tyi2VjjyQcwaw","Island Sushi and Grill",8,"c8Xamwyv5Tyi2VjjyQcwaw",8,605.953210848589,5
"['Mexican', 'Chinese', 'Restaurants']",33,87,109,122,44,"average",36.1098709067,-115.17481374,3,"cMvN1j-LK64zqmT4vnl8NA","China Poblano",5,"cMvN1j-LK64zqmT4vnl8NA",5,10493.3183039621,37
"['Tapas/Small Plates', 'Spanish', 'Restaurants']",8,40,59,134,104,"loud",36.1097544,-115.1738726,3.5,"cN6qpVw6RaSrSI-JGGF4Tw","Jaleo",5,"cN6qpVw6RaSrSI-JGGF4Tw",5,11621.372821856,60
"['American (New)', 'Buffets', 'Restaurants']",35,135,308,495,294,"average",36.1131604088,-115.17640885,3.5,"CZjcFdvJhksq9dy58NVEzw","The Buffet at Bellagio",5,"CZjcFdvJhksq9dy58NVEzw",5,10445.1364218442,36
"['Indian', 'Restaurants']",3,8,21,99,119,"average",36.143955,-115.189818,4.5,"D_BMUHbZk67hzRcK3xQQmg","Mount Everest India's Cuisine",2,"D_BMUHbZk67hzRcK3xQQmg",2,2693.68958922572,26
"['Ramen', 'Japanese', 'Restaurants']",15,33,117,327,320,"average",36.1270432,-115.2096534,4,"DjOxXobyGDwWt89q4z1twg","Monta Ramen",2,"DjOxXobyGDwWt89q4z1twg",2,2239.72126326697,15
"['Southern', 'Restaurants']",23,74,131,365,363,"average",36.1259513087,-115.171051025,4,"DO3Gk17RyJVW7zYMCtYPnw","Mesa Grill",5,"DO3Gk17RyJVW7zYMCtYPnw",5,12188.1817865732,72
"['Arts & Entertainment', 'Resorts', 'Casinos', 'Event Planning & Services', 'Hotels & Travel', 'Hotels']",11,48,142,327,106,"average",36.1211559257,-115.173640363,3.5,"DUdBbrvqfaqUe9GYKmYNtA","The Mirage",5,"DUdBbrvqfaqUe9GYKmYNtA",5,8841.09310715465,16
"['American (Traditional)', 'Steakhouses', 'Seafood', 'Restaurants']",4,26,39,95,153,"average",36.1134713821,-115.207443237,4,"dVAurLD1bBIi9IvuMFoL5g","N9NE Steakhouse",2,"dVAurLD1bBIi9IvuMFoL5g",2,2404.51870701882,22
"['Korean', 'Asian Fusion', 'Dim Sum', 'Chinese', 'Restaurants']",19,44,82,85,41,"average",36.1122690547,-115.176300532,3,"E9ZsPtGovfEPHlMHkDdlQA","Noodles",5,"E9ZsPtGovfEPHlMHkDdlQA",5,9138.12946878746,20
"['Sushi Bars', 'Restaurants']",28,43,73,191,215,"average",36.1154995461,-115.135005833,4,"eLPld7Q17XxlclFGzZQX5g","Yama Sushi",3,"eLPld7Q17XxlclFGzZQX5g",3,1118.68795919786,7
"['German', 'Bars', 'Nightlife', 'Restaurants']",21,43,92,179,122,"very_loud",36.1076658,-115.1513485,3.5,"ES-j5yNTgmgbL4He0h6otA","Hofbrauhaus - Las Vegas",3,"ES-j5yNTgmgbL4He0h6otA",3,1029.60612846469,4
"['Hotels & Travel', 'Event Planning & Services', 'Hotels']",55,106,292,403,117,"very_loud",36.103053,-115.167686,3.5,"eWPFXL1Bmu1ImtIa2Rqliw","MGM Grand Hotel",5,"eWPFXL1Bmu1ImtIa2Rqliw",5,7080.96857458365,9
"['Breakfast & Brunch', 'American (Traditional)', 'Diners', 'Restaurants']",10,22,47,113,118,"average",36.1003457137,-115.227476295,4,"fkVBloMEFJG2HTgeCxeNDg","Black Bear Diner",2,"fkVBloMEFJG2HTgeCxeNDg",2,2285.83646272295,16
"['Vietnamese', 'Chinese', 'Restaurants']",44,79,225,345,153,"average",36.126177,-115.193971,3.5,"FV16IeXJp2W6pnghTz2FAw","Pho Kim Long",2,"FV16IeXJp2W6pnghTz2FAw",2,2099.237670326,11
"['Arts & Entertainment', 'Resorts', 'Casinos', 'Event Planning & Services', 'Hotels & Travel', 'Hotels']",89,141,239,141,22,"",36.0987324905,-115.174725631,2.5,"G0nUhYF2q4tnoOPwCjXLig","Excalibur Hotel",5,"G0nUhYF2q4tnoOPwCjXLig",5,4756.47339498384,3
"['Korean', 'Barbeque', 'Restaurants']",5,15,48,142,131,"average",36.0471471941,-115.24373889,4,"G6mZKMiDqHDgH92IOg9QhQ","Soyo Korean Barstaurant",6,"G6mZKMiDqHDgH92IOg9QhQ",6,1026.31314231731,2
"['Asian Fusion', 'Restaurants']",11,37,69,148,93,"loud",36.121458,-115.169611,3.5,"gGeVLZ9j_wAYKbaqgnKSJA","Tao Asian Bistro",5,"gGeVLZ9j_wAYKbaqgnKSJA",5,9816.85968972446,26
"['Seafood', 'Sushi Bars', 'Restaurants']",21,27,77,103,106,"average",36.0895286798,-115.137993813,3.5,"ggoYlZeQhATwb_yGSntfdw","RM Seafood",3,"ggoYlZeQhATwb_yGSntfdw",3,1259.57976643038,8
"['Steakhouses', 'Restaurants']",7,21,28,94,164,"average",36.1666763,-115.2870302,4,"GGyHZtnAA5LBgouB-32ARA","Echo & Rig",1,"GGyHZtnAA5LBgouB-32ARA",1,1113.2671787902,6
"['Indian', 'Restaurants']",7,13,29,114,109,"average",36.1148754728,-115.147404671,4,"gkWEjZIVcrUerEzed6IKpg","Mint Indian Bistro",3,"gkWEjZIVcrUerEzed6IKpg",3,1335.63172892436,10
"['Casinos', 'Arts & Entertainment', 'American (Traditional)', 'Buffets', 'Restaurants']",30,75,94,97,33,"average",36.0919388468,-115.176587105,3,"Gn7bMxhZgY0bivsthvJWJQ","Bayside Buffet at Mandalay Bay",5,"Gn7bMxhZgY0bivsthvJWJQ",5,9336.90457579796,21
"['Korean', 'Asian Fusion', 'Mexican', 'Restaurants']",8,22,56,167,336,"average",36.179939,-115.206417,4.5,"H_SuH7uLiYahDMbNBB9kog","KoMex Fusion",4,"H_SuH7uLiYahDMbNBB9kog",4,335.542608955503,1
"['Seafood', 'American (New)', 'Restaurants']",14,29,71,99,55,"average",36.105982,-115.169191,3.5,"H6CJflwclNpttYrtsBMsVg","Emeril's New Orleans Fish House",5,"H6CJflwclNpttYrtsBMsVg",5,10338.4732977285,32
"['Steakhouses', 'American (New)', 'Restaurants']",14,43,68,190,290,"average",36.103053,-115.167691,4,"HbUQ_3dlm3uCacmhTEMnuA","Tom Colicchio's Craftsteak",5,"HbUQ_3dlm3uCacmhTEMnuA",5,11448.1404924655,54
"['Nightlife', 'Seafood', 'Bars', 'Restaurants']",10,13,30,148,306,"average",36.1429035195,-115.174618522,4.5,"HyfFenprdpIA4rmKu6DW3g","Oyster Bar",7,"HyfFenprdpIA4rmKu6DW3g",7,1178.75524601733,10
"['Restaurants', 'Pizza', 'Italian']",5,19,35,120,131,"average",36.115274,-115.223604,4,"i3ogCoQD4MY_sR73GCk-BA","Nora's Cuisine",2,"i3ogCoQD4MY_sR73GCk-BA",2,2484.02340422351,24
"['Bars', 'American (Traditional)', 'Nightlife', 'Restaurants']",23,51,145,165,60,"loud",36.115606,-115.172601,3.5,"iXA8Y2bzvZo8MjALfZxrIg","Margaritaville",5,"iXA8Y2bzvZo8MjALfZxrIg",5,8788.14535222306,15
"['Vegetarian', 'Bars', 'American (New)', 'Nightlife', 'Restaurants']",10,31,82,273,153,"average",36.068926,-115.178028,4,"j_pce4pG9krrBeYwUni8Pg","Yard House",6,"j_pce4pG9krrBeYwUni8Pg",6,1138.6330763183,10
"['Delis', 'American (New)', 'Sandwiches', 'Restaurants']",20,64,108,135,52,"loud",36.1215488944,-115.174516439,3,"J4qLz0nGzCTMf6-kf_SiQg","Carnegie",5,"J4qLz0nGzCTMf6-kf_SiQg",5,7889.06453959546,12
"['Food', 'Desserts', 'American (Traditional)', 'Restaurants']",18,50,184,448,222,"average",36.1222764411,-115.17012246,4,"jOuERtVf7QePnK9ZcdH5XA","Grand Lux Cafe",5,"jOuERtVf7QePnK9ZcdH5XA",5,11053.5146274231,46
"['Burgers', 'Restaurants']",5,28,53,122,67,"average",36.1275873964,-115.168215141,4,"k8bSp5BfCNCKqTXcKALXtw","Stripburger",5,"k8bSp5BfCNCKqTXcKALXtw",5,10033.0571071171,29
"['Hotels & Travel', 'Arts & Entertainment', 'Casinos', 'Event Planning & Services', 'Hotels']",47,48,127,213,101,"very_loud",36.1089964,-115.1536602,3,"kEC7OlpPnZRxCUyVwq7hig","Hard Rock Hotel & Casino",3,"kEC7OlpPnZRxCUyVwq7hig",3,951.834864375531,2
"['Ramen', 'Japanese', 'Restaurants']",7,12,41,150,156,"average",36.1265262,-115.2017756,4,"kgt13cwkP03NS8FJKgdLMw","Ramen Sora",2,"kgt13cwkP03NS8FJKgdLMw",2,2346.48059675061,18
"['Casinos', 'Arts & Entertainment', 'American (Traditional)', 'American (New)', 'Restaurants']",85,105,95,69,24,"average",36.0998077393,-115.167503357,2.5,"KJnVuzpveyDrHARVNZaYVg","Hooters Casino Hotel",5,"KJnVuzpveyDrHARVNZaYVg",5,3440.82883033034,1
"['Bars', 'Mediterranean', 'Nightlife', 'Restaurants']",13,40,76,201,162,"average",36.111978,-115.17698,4,"KjymOs12Mpy0Kd54b7T9MA","Olives",5,"KjymOs12Mpy0Kd54b7T9MA",5,12632.3215353854,79
"['Food', 'Desserts', 'American (Traditional)', 'Restaurants']",14,24,88,211,89,"average",36.123618,-115.17033,4,"kwEQ3uY9Jwmknb5kNg3UlA","Grand Lux Cafe",5,"kwEQ3uY9Jwmknb5kNg3UlA",5,11431.4451158383,53
"['Vegetarian', 'Thai', 'Vegan', 'Restaurants']",12,14,33,94,130,"average",36.1425239406,-115.142526297,4,"KwLfgeylp9d8zY3KacREiw","Komol Restaurant",7,"KwLfgeylp9d8zY3KacREiw",7,1101.02666741529,7
"['Breakfast & Brunch', 'American (Traditional)', 'Restaurants']",13,28,69,157,209,"average",36.2037425,-115.2598768,4,"LCeF1wK5OqP3PPEVBa5Xfw","BabyStacks Cafe",4,"LCeF1wK5OqP3PPEVBa5Xfw",4,381.322888518666,2
"['Seafood', 'Steakhouses', 'Restaurants']",8,30,46,155,242,"average",36.1174528,-115.1766881,4,"LLDGTT7FExklkQvHebEjRg","Joe's Seafood Prime Steak & Stone Crab",5,"LLDGTT7FExklkQvHebEjRg",5,12167.9555210237,71
"['Thai', 'Restaurants']",23,53,146,319,447,"average",36.1435662636,-115.142826221,4,"lliksv-tglfUz1T3B3vgvA","Lotus of Siam",7,"lliksv-tglfUz1T3B3vgvA",7,837.34594595865,3
"['Cajun/Creole', 'Restaurants']",11,24,41,120,99,"average",36.1586702,-115.1583024,4,"Lp-A-JNRUUH72uou5-pMtQ","Lola's",7,"Lp-A-JNRUUH72uou5-pMtQ",7,1151.01488362077,9
"['Sushi Bars', 'Restaurants']",32,44,71,167,140,"average",36.047306,-115.244158,3.5,"lPh02W25cOrAz57UbTpbFQ","Oyshi Sushi",6,"lPh02W25cOrAz57UbTpbFQ",6,946.27290768436,1
"['Sushi Bars', 'Japanese', 'Restaurants']",13,40,85,110,34,"average",36.1397449251,-115.168417291,3.5,"Lq6CDJ2yHmMs4N7jscQhHQ","RA Sushi Bar Restaurant",7,"Lq6CDJ2yHmMs4N7jscQhHQ",7,843.079854614722,4
"['Tapas Bars', 'Restaurants', 'Italian']",15,18,43,116,120,"average",36.144269,-115.191825,4,"LXrq0Fw6MCz70KMA928ldQ","Herbs & Rye",2,"LXrq0Fw6MCz70KMA928ldQ",2,2354.81234075799,19
"['Arts & Entertainment', 'Music Venues', 'Restaurants', 'Hotels', 'Event Planning & Services', 'Hotels & Travel', 'American (New)', 'Nightlife']",18,39,84,105,50,"very_loud",36.0928664972,-115.175868273,3.5,"M2SjLXsuAy5RNKwxaA5E1g","House of Blues",5,"M2SjLXsuAy5RNKwxaA5E1g",5,6343.91441947633,6
"['Steakhouses', 'Restaurants']",23,25,54,131,258,"average",36.1176319106,-115.174907433,4,"mDdqifuTrfXAOfxiLMGu5Q","Gordon Ramsay Steak",5,"mDdqifuTrfXAOfxiLMGu5Q",5,11662.2928402404,64
"['Pizza', 'Restaurants']",8,16,36,118,169,"average",36.1718303,-115.1420069,4.5,"MN0OLvP8i0SirMJ7AMuMzA","Pizza Rock",7,"MN0OLvP8i0SirMJ7AMuMzA",7,1192.06876848078,12
"['Tapas/Small Plates', 'Restaurants']",17,39,75,126,122,"average",36.0920808497,-115.175111922,3.5,"N50HceZf1595UtU867u4uQ","Fleur by Hubert Keller",5,"N50HceZf1595UtU867u4uQ",5,11505.7924214056,58
"['Bars', 'Steakhouses', 'Nightlife', 'Lounges', 'Restaurants']",9,18,42,94,167,"average",36.1243782644,-115.16876318,4,"naLrErBuJr9IWd6_rv6-XQ","CUT",5,"naLrErBuJr9IWd6_rv6-XQ",5,11629.3165628776,61
"['Buffets', 'Restaurants']",29,84,158,281,121,"average",36.1178899374,-115.189394611,3.5,"ngNvH4sxnH9aMukTZ67R_Q","Carnival World Buffet",2,"ngNvH4sxnH9aMukTZ67R_Q",2,2021.22487579819,7
"['Burgers', 'Fast Food', 'Restaurants']",23,50,72,112,69,"average",36.0113116,-115.1747074,3.5,"npfVfumxVAkQNYpY1fSvew","Steak 'n Shake",8,"npfVfumxVAkQNYpY1fSvew",8,508.50965224732,2
"['Bars', 'Asian Fusion', 'Nightlife', 'Restaurants']",15,34,116,199,164,"average",36.1239774361,-115.167756725,4,"NsnZ5GhagXBKrCOelxVQxw","SUSHISAMBA - Las Vegas",5,"NsnZ5GhagXBKrCOelxVQxw",5,12130.3772319636,70
"['French', 'Restaurants']",9,29,59,115,81,"average",36.1097544,-115.1738726,3.5,"NxsCqQCpofRx08m535JYIA","Comme Ça",5,"NxsCqQCpofRx08m535JYIA",5,12269.2593443128,74
"['Breakfast & Brunch', 'Bars', 'American (New)', 'Nightlife', 'Restaurants']",49,62,98,103,47,"average",36.1120152614,-115.172531605,3,"nZgYNbl1XlZyyKlISMoG6w","Sugar Factory American Brasserie",5,"nZgYNbl1XlZyyKlISMoG6w",5,9470.42035479265,24
"['American (New)', 'Mediterranean', 'Restaurants']",4,14,32,91,180,"average",36.1075773939,-115.176501274,4,"OiCxoAIoBvEWxf7p1qVVmA","Sage",5,"OiCxoAIoBvEWxf7p1qVVmA",5,13548.1582105219,82
"['Thai', 'Restaurants']",15,13,30,114,86,"average",36.073115,-115.243698,4,"olwuTiAEEFgSYefWUcZWbQ","Archi's Thai Bistro",6,"olwuTiAEEFgSYefWUcZWbQ",6,1062.02212057147,7
"['Lounges', 'Bars', 'Nightlife', 'Dance Clubs']",54,53,97,96,60,"very_loud",36.1147619,-115.1729315,2.5,"OoeTGTkxvSZqqicZ8ljJjw","Hakkasan Nightclub",5,"OoeTGTkxvSZqqicZ8ljJjw",5,7557.95603341927,11
"['Hotels & Travel', 'Arts & Entertainment', 'Casinos', 'Event Planning & Services', 'Hotels']",30,40,71,238,80,"average",36.1703001,-115.1445082,3.5,"OUpcKYGbVYgSS1Oo7aQ56Q","Golden Nugget Hotel & Casino",7,"OUpcKYGbVYgSS1Oo7aQ56Q",7,805.955917751386,2
"['Sushi Bars', 'Japanese', 'Restaurants']",3,3,15,56,233,"average",36.0552438,-115.2258702,4.5,"OwBPjUz2o0J5K3DzcHkBtg","Soho Japanese Restaurant",6,"OwBPjUz2o0J5K3DzcHkBtg",6,1248.06812322108,11
"['Breakfast & Brunch', 'Creperies', 'Restaurants']",3,3,14,74,176,"average",36.016461,-115.1171167,4.5,"pD7NzevYc6HhYu13wCxiiw","Crêpe Expectations",8,"pD7NzevYc6HhYu13wCxiiw",8,723.976645434636,7
"['Seafood', 'Cajun/Creole', 'Restaurants']",8,15,47,106,114,"average",36.118178,-115.209365,4,"PiV7phVMf7glDpH_J630Ow","The Boiling Crab",2,"PiV7phVMf7glDpH_J630Ow",2,2208.76008048668,13
"['Breakfast & Brunch', 'Cafes', 'Restaurants']",11,27,61,126,157,"average",36.1136569,-115.2614822,4,"pPfQ73--Y_h5Or0aqDgEGA","BabyStacks Cafe",1,"pPfQ73--Y_h5Or0aqDgEGA",1,1100.24515513721,4
"['Food', 'Bagels', 'Cafes', 'Delis', 'Restaurants']",16,10,37,115,101,"average",36.1759103,-115.260485,4,"pQSkGB3HIunzNn_vIRWUNQ","The Bagel Cafe",4,"pQSkGB3HIunzNn_vIRWUNQ",4,432.849568127131,4
"['Lounges', 'Bars', 'Nightlife', 'Dance Clubs']",97,154,291,348,149,"very_loud",36.1214517,-115.169597789,3,"PqTX5j9yfsPbd1qQCA1EwA","Tao Nightclub",5,"PqTX5j9yfsPbd1qQCA1EwA",5,6810.79840795907,8
"['Burgers', 'Restaurants']",35,57,147,389,457,"average",36.0427979056,-115.153225035,4,"PXviRcHR1mqdH4vRc2LEAQ","Bachi Burger",8,"PXviRcHR1mqdH4vRc2LEAQ",8,364.195521416693,1
"['Bars', 'French', 'Nightlife', 'Lounges', 'American (New)', 'Restaurants']",16,32,86,192,153,"average",36.0930659,-115.177814,4,"Pz7SWZQhxL6ZbhL9jE2NTA","MIX",5,"Pz7SWZQhxL6ZbhL9jE2NTA",5,11533.3344799551,59
"['Sushi Bars', 'Japanese', 'Restaurants']",4,23,54,88,141,"average",36.1091636136,-115.153493285,4,"q_DrPmiLrHEpR_SQvQXELQ","Nobu",3,"q_DrPmiLrHEpR_SQvQXELQ",3,1347.22615996673,12
"['Tapas/Small Plates', 'Breakfast & Brunch', 'Mexican', 'Restaurants']",17,47,80,168,137,"average",36.0899498633,-115.175814183,4,"Q_Rwcv9APBLggk2KAsBEvg","Border Grill",5,"Q_Rwcv9APBLggk2KAsBEvg",5,10724.2344020298,41
"['Breakfast & Brunch', 'American (New)', 'Restaurants']",24,88,194,328,223,"average",36.1178829948,-115.17124454,4,"QbmcCE_cLq4WO8ZMKImaLw","Hash House A Go Go",5,"QbmcCE_cLq4WO8ZMKImaLw",5,10560.4571204644,39
"['Sushi Bars', 'Japanese', 'Restaurants']",11,15,37,80,130,"average",36.1144681157,-115.281096697,4,"QGkM1TvUrc1gmd1qkpnMJg","Sushi Koma",1,"QGkM1TvUrc1gmd1qkpnMJg",1,994.081232087337,2
"['American (New)', 'Restaurants']",5,20,67,124,159,"average",36.1182729219,-115.173411369,4,"QJlab4DqvBRJPUfg7Vn5ZQ","Spago",5,"QJlab4DqvBRJPUfg7Vn5ZQ",5,12609.3353068155,78
"['Steakhouses', 'Seafood', 'Restaurants', 'Brazilian']",7,12,24,83,147,"average",36.1147454655,-115.157157183,4.5,"qLa_684GMvVfR4WNHshQSA","Fogo de Chão Brazilian Steakhouse",3,"qLa_684GMvVfR4WNHshQSA",3,1328.76097118845,9
"['Steakhouses', 'Restaurants']",8,30,53,103,100,"very_loud",36.109699457,-115.17441503,4,"QRXv7Jvq_SuiiT_SKvbdig","STK Las Vegas",5,"QRXv7Jvq_SuiiT_SKvbdig",5,10506.351380079,38
"['Vietnamese', 'Restaurants']",8,21,45,118,62,"average",36.1269341,-115.1977704,4,"r0ZoytDjK4CY5ytFNjZLvw","Kinh Do",2,"r0ZoytDjK4CY5ytFNjZLvw",2,2002.58351701361,5
"['Hotels & Travel', 'Arts & Entertainment', 'Casinos', 'Event Planning & Services', 'Hotels']",46,88,118,92,15,"average",36.1362847,-115.1514119,2.5,"RbkLrCFa2AL1K25GCnNK8A","LVH - Las Vegas Hotel & Casino",7,"RbkLrCFa2AL1K25GCnNK8A",7,590.901187202946,1
"['Buffets', 'Restaurants']",46,102,212,293,113,"average",36.1129302794,-115.169968853,3.5,"rBPQuQgTcMtUq5-RYhY2uQ","Le Village Buffet",5,"rBPQuQgTcMtUq5-RYhY2uQ",5,9369.55468760347,22
"['Bars', 'Sushi Bars', 'Japanese', 'Nightlife', 'Lounges', 'Restaurants']",7,24,58,118,90,"average",36.118966,-115.17305,4,"rfDTJLEwZZ2EGOZiTDdqQA","Sushi Roku",5,"rfDTJLEwZZ2EGOZiTDdqQA",5,12097.2236968186,69
"['Breakfast & Brunch', 'Sandwiches', 'Restaurants']",5,11,30,107,127,"average",36.088774,-115.207338,4.5,"RhbOa-Ft3sZB4B_1j5LfyA","Mr. Mama's",6,"RhbOa-Ft3sZB4B_1j5LfyA",6,1053.5882556302,5
"['Bars', 'American (Traditional)', 'Cocktail Bars', 'Nightlife', 'Steakhouses', 'Restaurants']",9,15,41,95,90,"average",36.0927885119,-115.176156283,4,"rP76z9iDOFczywAiee-l7A","Red Square Restaurant & Vodka Lounge",5,"rP76z9iDOFczywAiee-l7A",5,14965.8931730899,86
"['Steakhouses', 'Restaurants', 'Gluten-Free', 'Brazilian']",17,22,62,160,267,"average",36.068584,-115.178605,4,"ryvMJK6AlbU35HKrlFT61w","Texas de Brazil",6,"ryvMJK6AlbU35HKrlFT61w",6,1093.73438346497,8
"['Buffets', 'Restaurants']",44,81,203,439,530,"average",36.1158543432,-115.176174388,4,"sIyHTizqAiGu12XMLX3N3g","Bacchanal Buffet",5,"sIyHTizqAiGu12XMLX3N3g",5,11789.6402277466,65
"['Buffets', 'Restaurants']",43,121,196,210,77,"average",36.1102503133,-115.171666064,3,"SLyacGZuMUKqrQJEooSkjw","Spice Market Buffet",5,"SLyacGZuMUKqrQJEooSkjw",5,8618.96474986929,13
"['Bars', 'American (Traditional)', 'Breakfast & Brunch', 'Nightlife', 'Lounges', 'Restaurants']",20,42,118,315,228,"average",36.1336130336,-115.163122017,4,"SsTxjxo8qvqBMvan1rzNzg","The Peppermill Restaurant & Fireside Lounge",7,"SsTxjxo8qvqBMvan1rzNzg",7,1040.03932341332,5
"['Burgers', 'Asian Fusion', 'Restaurants']",17,29,68,143,169,"average",36.1465677,-115.3007512,4,"t6SuvEq9PPVGzNv5bJzDtw","Bachi Burger",1,"t6SuvEq9PPVGzNv5bJzDtw",1,1133.03243401553,7
"['Arts & Entertainment', 'Resorts', 'Casinos', 'Event Planning & Services', 'Hotels & Travel', 'Hotels']",23,38,90,145,68,"",36.114442,-115.195282,3.5,"tbTc7094zwIYAtU-0NkU4w","Palms Casino Resort",2,"tbTc7094zwIYAtU-0NkU4w",2,1647.66324127641,1
"['Chinese', 'Restaurants']",8,24,112,123,35,"average",36.12008,-115.17106,3.5,"tcphcsPONrP82kUyvcELoA","Noodle Asia",5,"tcphcsPONrP82kUyvcELoA",5,10342.3763272702,33
"['Breakfast & Brunch', 'French', 'Restaurants']",18,73,199,459,457,"average",36.122293409,-115.170278879,4,"tFU2Js_nbIZOrnKfYJYBBg","Bouchon Bistro",5,"tFU2Js_nbIZOrnKfYJYBBg",5,11371.5488789201,52
"['Dim Sum', 'Chinese', 'Restaurants']",17,32,57,120,44,"loud",36.1153088291,-115.195201635,3.5,"tI3J5jomrBs--n7r92186g","Ping Pang Pong",2,"tI3J5jomrBs--n7r92186g",2,1866.12696957787,3
"['Arts & Entertainment', 'American (Traditional)', 'Food', 'Breweries', 'Casinos', 'Restaurants']",18,34,123,302,185,"average",36.1130255,-115.1634847,4,"tqu42L0qXzkvYKSruOz0IA","Ellis Island Casino & Brewery",5,"tqu42L0qXzkvYKSruOz0IA",5,8876.21569040202,18
"['Arts & Entertainment', 'Resorts', 'Casinos', 'Event Planning & Services', 'Hotels & Travel', 'Hotels']",35,51,134,372,141,"average",36.0922940574,-115.174351094,3.5,"TWD8c5-P7w9v-2KX_GSNZQ","Mandalay Bay Resort & Casino",5,"TWD8c5-P7w9v-2KX_GSNZQ",5,7530.77785230226,10
"['Mexican', 'Restaurants']",17,54,117,148,38,"loud",36.1100828,-115.1538714,3.5,"UEUQS4z7s-DRzQjky92KYw","Pink Taco",3,"UEUQS4z7s-DRzQjky92KYw",3,994.14845980346,3
"['Korean', 'Barbeque', 'Restaurants']",21,23,64,115,34,"average",36.1264888197,-115.193426684,3.5,"UKKz4HdQC0aH9j5lLi4u8Q","Tofu Hut",2,"UKKz4HdQC0aH9j5lLi4u8Q",2,1689.38911621182,2
"['American (Traditional)', 'American (New)', 'Cafes', 'Restaurants']",24,48,99,86,32,"average",36.112379,-115.174531,3,"UpMR63WZgIn8VDKnYpDwXA","Cafe Bellagio",5,"UpMR63WZgIn8VDKnYpDwXA",5,11353.8328663154,51
"['Bars', 'Japanese', 'Asian Fusion', 'Nightlife', 'Lounges', 'Restaurants']",7,24,37,118,82,"average",36.108713,-115.173192,4,"uqisw8IXD5ZutU4MT2MQVw","Social House",5,"uqisw8IXD5ZutU4MT2MQVw",5,11657.7586281549,63
"['French', 'Restaurants']",5,23,55,118,67,"average",36.1172428598,-115.175013639,4,"V9euJerhCkh7PXKjtsE2rQ","Payard Pâtisserie & Bistro",5,"V9euJerhCkh7PXKjtsE2rQ",5,11209.3309653849,49
"['Hawaiian', 'Restaurants']",10,10,31,118,229,"average",36.041815936,-115.278172543,4.5,"VkPzsY09S4zO0XqhA1mc6Q","Island Flavor",6,"VkPzsY09S4zO0XqhA1mc6Q",6,1058.64883361073,6
"['Bars', 'Food', 'Beer, Wine & Spirits', 'Nightlife', 'Gastropubs', 'Restaurants']",23,56,107,192,69,"average",36.1071613,-115.1738191,3.5,"vSf0pqvaLp5sVSjJPeOqqQ","Todd English P.U.B.",5,"vSf0pqvaLp5sVSjJPeOqqQ",5,10093.4548092821,30
"['Cheesesteaks', 'Steakhouses', 'Restaurants']",9,30,48,121,153,"average",36.0911934011,-115.176574392,4,"XDYnLQC8ViZejuCDp4eCwg","STRIPSTEAK",5,"XDYnLQC8ViZejuCDp4eCwg",5,11653.0607906499,62
"['Breakfast & Brunch', 'American (New)', 'Restaurants']",60,133,207,450,371,"average",36.144667,-115.239955,4,"xfwRO04KbAPw_zRotCfWQQ","Hash House A Go Go",4,"xfwRO04KbAPw_zRotCfWQQ",4,387.674566172719,3
"['American (Traditional)', 'Restaurants']",123,269,468,475,135,"average",36.1156697204,-115.17331658,3,"Xhg93cMdemu5pAMkDoEdtQ","Serendipity 3",5,"Xhg93cMdemu5pAMkDoEdtQ",5,9888.43086089914,28
"['Japanese', 'Restaurants']",9,9,36,103,292,"average",36.1264365991,-115.209546089,4.5,"xNcqwYAUeVOhe3KNC4Xjaw","Raku",2,"xNcqwYAUeVOhe3KNC4Xjaw",2,2469.53278562172,23
"['Korean', 'Asian Fusion', 'Hawaiian', 'Restaurants']",1,7,18,83,156,"average",36.1440209,-115.1938661,4.5,"xxOQ7h6s3InV8o8DOVHlMA","Island Style",2,"xxOQ7h6s3InV8o8DOVHlMA",2,2365.23048888204,20
"['Bars', 'American (Traditional)', 'Nightlife', 'Restaurants']",30,84,218,443,312,"average",36.092875,-115.176247,4,"xyTJYlbE_MLouK6rCou6zg","Burger Bar",5,"xyTJYlbE_MLouK6rCou6zg",5,11488.4341973122,56
"['Arts & Entertainment', 'Beauty & Spas', 'Casinos', 'Event Planning & Services', 'Hotels & Travel', 'Day Spas', 'Hotels']",18,16,41,200,140,"",36.1564032797,-115.333500046,4,"y4Qyf4PPSOHdQFTr3Zi_KA","Red Rock Casino Resort & Spa",1,"y4Qyf4PPSOHdQFTr3Zi_KA",1,902.045916246574,1
"['American (New)', 'Caribbean', 'Restaurants']",11,19,38,129,254,"average",36.0771122954,-115.298295021,4.5,"y6NFyThUU2wtTNa0rX7VrA","DW Bistro",1,"y6NFyThUU2wtTNa0rX7VrA",1,1181.62361481378,9
"['Steakhouses', 'Restaurants']",10,29,60,161,182,"average",36.1217915536,-115.169377327,4,"YacTpiq0ZptFcXD7I-kdGA","Delmonico Steakhouse",5,"YacTpiq0ZptFcXD7I-kdGA",5,12581.8195326834,77
"['Sushi Bars', 'Japanese', 'Restaurants']",17,19,60,127,156,"average",36.011942,-115.136169,4,"yD1dRYi7USzhYVKiqZ7JVg","Sushi Mon",8,"yD1dRYi7USzhYVKiqZ7JVg",8,582.414966266385,3
"['Bars', 'Mexican', 'Nightlife', 'Restaurants']",33,61,88,85,24,"loud",36.1044221949,-115.173368454,3,"yJDSMugu_Pom3pJE8MRrJA","Diablo's Cantina",5,"yJDSMugu_Pom3pJE8MRrJA",5,4959.42197139096,4
"['Buffets', 'Restaurants']",34,141,310,589,437,"average",36.1268872232,-115.165590048,3.5,"YNQgak-ZLtYJQxlDwN-qIg","The Buffet",5,"YNQgak-ZLtYJQxlDwN-qIg",5,12024.2253134638,67
"['Vietnamese', 'Restaurants']",25,37,85,171,68,"average",36.1262669,-115.2062973,3.5,"Yq8LiVymGA7vBpGCQuDfRw","Pho So 1",2,"Yq8LiVymGA7vBpGCQuDfRw",2,1904.60297595452,4
"['Seafood', 'American (Traditional)', 'Cajun/Creole', 'Restaurants']",19,25,68,268,241,"loud",36.1265925847,-115.206305981,4,"YrIfgzLj0DPStJ1ESAS_Qg","Hot N Juicy Crawfish",2,"YrIfgzLj0DPStJ1ESAS_Qg",2,2192.1109664801,12
"['Steakhouses', 'Restaurants']",9,16,38,83,253,"average",36.1180678,-115.1552788,4.5,"Z0kyK8wCBNGkkUT9UrMWcg","Del Frisco's Double Eagle Steak House",3,"Z0kyK8wCBNGkkUT9UrMWcg",3,1101.53197788231,6
"['Pizza', 'Restaurants']",9,20,30,108,146,"average",36.0159696693,-115.119311663,4,"z67yrh03lRSANrpPsRcTfw","Grimaldi's Pizzeria",8,"z67yrh03lRSANrpPsRcTfw",8,650.810134257701,6
"['Thai', 'Restaurants']",20,13,58,151,124,"average",36.1688018067,-115.139880089,4,"ZHDf8TUICsB2peQ9AmXeFw","Le Thai",7,"ZHDf8TUICsB2peQ9AmXeFw",7,1102.19592163364,8
"['Breakfast & Brunch', 'Steakhouses', 'American (Traditional)', 'Restaurants']",11,18,35,101,120,"average",35.9954,-115.2067058,4,"zNzJkzZxPTeTbRIRfeU9_Q","Rise & Shine, a Steak & Egg Place",6,"zNzJkzZxPTeTbRIRfeU9_Q",6,1138.41483300494,9
"['Breakfast & Brunch', 'American (New)', 'Restaurants']",17,27,57,155,182,"average",36.166723,-115.13894,4,"ZP6qFq7LUh6Tr7WHPoOW6g","eat.",7,"ZP6qFq7LUh6Tr7WHPoOW6g",7,1094.81563402172,6
"['Buffets', 'Restaurants']",50,144,378,659,489,"average",36.1098756593,-115.175163842,3.5,"zt1TpTuJ6y9n551sw9TaEg","Wicked Spoon",5,"zt1TpTuJ6y9n551sw9TaEg",5,11155.3358060829,47
"['Buffets', 'Restaurants']",42,126,160,162,56,"average",36.107406,-115.17698,3,"zTCCbg7mGslxACL5KlAPIQ","The Buffet at ARIA",5,"zTCCbg7mGslxACL5KlAPIQ",5,8846.25685907745,17
"['Sushi Bars', 'Japanese', 'Restaurants']",23,20,57,101,96,"average",36.1259513087,-115.198216438,3.5,"ZxmKA8b7njab1DNzCEU4Ow","Sushi Kaya",2,"ZxmKA8b7njab1DNzCEU4Ow",2,2054.43897151662,10
